filename,fresh_weight_total
production_data_measured/images/drifted_image_121.png,0.0021
production_data_measured/images/drifted_image_122.png,0.0021
production_data_measured/images/drifted_image_123.png,0.0038
production_data_measured/images/drifted_image_124.png,0.0038
production_data_measured/images/drifted_image_125.png,0.0057
production_data_measured/images/drifted_image_126.png,0.0057
production_data_measured/images/drifted_image_127.png,0.0096
production_data_measured/images/drifted_image_128.png,0.0096
production_data_measured/images/drifted_image_129.png,0.0033
production_data_measured/images/drifted_image_130.png,0.0033
